url,indicator
https://www.latimes.com/world-nation/story/2023-03-06/a-month-after-quake-survivors-need-shelter-sanitation,OK
https://www.latimes.com/lifestyle/story/2023-02-28/usal-project-outdoor-research-center-nature-club-los-angeles,OK
https://www.latimes.com/espanol/,OK
https://micro.rubiconproject.com/,N_OK
https://ca-times.brightspotcdn.com/dims4/default/868bacf/2147483647/strip/true/crop/2924x1949+0+0/resize/840x560!/quality/80/?url=https%3A%2F%2Fcalifornia-times-brightspot.s3.amazonaws.com%2Faa%2Fd4%2F4e84b5db2ae7f40e0a0e5b5e3107%2F022d00c243814b51921de362e81cd4e5,N_OK
https://ca-times.brightspotcdn.com/dims4/default/4543065/2147483647/strip/true/crop/5001x3334+43+0/resize/840x560!/quality/80/?url=https%3A%2F%2Fcalifornia-times-brightspot.s3.amazonaws.com%2F8d%2Fb3%2F2265b208426289da258fd79ae29d%2F1264982-me-big-bear-snow-8-gmf.jpg,N_OK
https://www.latimes.com/entertainment-arts/business/story/2023-03-04/rupert-murdoch-fox-new-accused-spreading-election-lies,OK
https://www.latimes.com/world-nation/newsletter/2023-03-02/in-praise-of-jenna-ortega-aubrey-plaza-and-moody-deadpan-latinas-latinx-files,OK
https://www.latimes.com/espanol/vida-y-estilo/articulo/2023-03-06/galapagos-hay-46-000-iguanas-amarillas-en-isla-deshabitada,OK
https://ca-times.brightspotcdn.com/resource/0000016e-6bb5-d505-abef-fbb7e4420000/styleguide/styles-section.min.6d1b46920dd9518c2d6fa40cfd7bc8b1.gz.css,N_OK
https://ca-times.brightspotcdn.com/dims4/default/3747ceb/2147483647/strip/true/crop/3000x2000+0+200/resize/840x560!/quality/80/?url=https%3A%2F%2Fcalifornia-times-brightspot.s3.amazonaws.com%2F32%2F72%2Ffc31395d40a58cba0ccf1ff11d56%2Fgettyimages-180345460.jpg,N_OK
https://ca-times.brightspotcdn.com/dims4/default/5b5af9a/2147483647/strip/true/crop/1450x967+0+0/resize/840x560!/quality/80/?url=https%3A%2F%2Fcalifornia-times-brightspot.s3.amazonaws.com%2F4b%2F88%2Ff148c84e4bdb96e3c88e2a1b2598%2Fig-fred-moten-poem-thumbnail.jpg,N_OK
https://enewspaper.latimes.com/desktop/latimes/default.aspx?pubid=50435180-e58e-48b5-8e0c-236bf740270e,N_OK
https://ca-times.brightspotcdn.com/dims4/default/d0d7093/2147483647/strip/true/crop/5184x3456+0+0/resize/840x560!/quality/80/?url=https%3A%2F%2Fcalifornia-times-brightspot.s3.amazonaws.com%2F61%2F6a%2F584921de4ef2b30c436ec775bfdc%2Fla-me-p22-profile-michael-ordenana06.JPG,N_OK
https://membership.latimes.com/billing-info,N_OK
https://www.latimes.com/world-nation/newsletter/2023-03-06/todays-headlines-officials-were-unprepared-for-severe-san-bernardino-mountain-storms-todays-headlines,OK
https://www.latimes.com/food,OK
https://ca-times.brightspotcdn.com/dims4/default/7371eb4/2147483647/strip/true/crop/3375x2250+562+0/resize/840x560!/quality/80/?url=https%3A%2F%2Fcalifornia-times-brightspot.s3.amazonaws.com%2Fbb%2Fd6%2Ff4be7a12424c8337ec2b5c3ee931%2Fbook-prizes-eb-header.png,N_OK
https://securepubads.g.doubleclick.net/,N_OK
https://www.latimes.com/about/studios,OK
https://ca-times.brightspotcdn.com/dims4/default/3ba0425/2147483647/strip/true/crop/2042x1361+3+0/resize/840x560!/quality/80/?url=https%3A%2F%2Fcalifornia-times-brightspot.s3.amazonaws.com%2F7c%2Fb0%2F531ee9c641ff83710d5706987646%2Fmirounga-angustirostris.jpg,N_OK
https://www.latimes.com/california/story/2022-12-29/the-impossible-costs-of-cannabis-californias-legal-weed-industry-is-killing-itself,OK
https://www.latimes.com/about/pressreleases,OK
https://www.latimes.com/newsroom-directory,OK
https://www.latimes.com/california/newsletter/2023-03-06/essential-california-pandemic-personal-impact-callout-essential-california,OK
https://libs.platform.californiatimes.com/newsletter-campaign-manager/latest.js,N_OK
https://www.latimes.com/bestcovery/best-cordless-vacuum,OK
https://www.latimes.com/entertainment-arts/movies/story/2022-04-07/will-smith-oscars-slap-timeline-chris-rock,OK
https://www.latimes.com/entertainment-arts/story/2023-03-03/robert-russells-paintings-expose-the-dark-history-of-the-slave-laborers-of-dachau,OK
https://ca-times.brightspotcdn.com/dims4/default/9e2cd1f/2147483647/strip/true/crop/4953x3302+0+50/resize/840x560!/quality/80/?url=https%3A%2F%2Fcalifornia-times-brightspot.s3.amazonaws.com%2F91%2F4c%2Fdd208a39d0dcf9e45b07b2bd4882%2F9a4088fd996f4b089587a4c2c15a8955,N_OK
https://ats.rlcdn.com/,N_OK
https://ca-times.brightspotcdn.com/dims4/default/b4410f6/2147483647/strip/true/crop/2868x1912+0+0/resize/840x560!/quality/80/?url=https%3A%2F%2Fcalifornia-times-brightspot.s3.amazonaws.com%2Fd1%2F7c%2F1f1e3ea14ec38bd45a57ab4ddba7%2F1247581-et-for-real-drew-barrymore-portrait-3-horizontal.jpg,N_OK
https://ads.pubmatic.com/,N_OK
https://mediakit.latimes.com/,N_OK
https://www.latimes.com/entertainment-arts/story/2023-02-28/behold-beehive-photo-gallery-black-market-flea,OK
https://www.latimes.com/entertainment-arts/books/story/2023-03-06/when-basketball-became-black-a-book-on-the-good-times-and-growing-pains-of-the-70s-nba,OK
https://ajax.googleapis.com/ajax/libs/jquery/3.6.0/jquery.min.js,N_OK
https://www.latimes.com/california/story/2023-03-06/first-black-councilman-orange-county-sundown-town,OK
https://ca-times.brightspotcdn.com/dims4/default/a880e31/2147483647/strip/true/crop/1620x1080+150+0/resize/840x560!/quality/80/?url=https%3A%2F%2Fcalifornia-times-brightspot.s3.amazonaws.com%2Fee%2F43%2F69c2dcc648b29e310dc1064dace1%2Fla-affairs-hoda-mallone-0000000.jpg,N_OK
https://membership.latimes.com/,N_OK
https://www.latimes.com/about/shortdocs?utm_source=on_site&utm_medium=homepagebarker&utm_campaign=short_docs,OK
https://ca-times.brightspotcdn.com/dims4/default/6c6af06/2147483647/strip/true/crop/840x560+0+0/resize/840x560!/quality/80/?url=https%3A%2F%2Fcalifornia-times-brightspot.s3.amazonaws.com%2Fb2%2Fa5%2F88e8aca4460da265b40c7851b006%2Fbestcovery.jpg,N_OK
https://ca-times.brightspotcdn.com/dims4/default/cc00f13/2147483647/strip/true/crop/1976x1317+0+0/resize/840x560!/quality/80/?url=https%3A%2F%2Fcalifornia-times-brightspot.s3.amazonaws.com%2F8c%2F10%2F0e7d01ba410ba57e3772b228be0e%2Fchris-psaila-and-erika-girardi-diptych.jpg,N_OK
https://www.latimes.com/food/newsletter/2023-01-15/no-eggs-eggless-recipes-for-breakfast-dinner-and-dessert-cooking-editorial,OK
https://www.latimes.com/favicon-16x16.png,OK
https://www.latimes.com/entertainment-arts/music/story/2023-03-06/k-pop-act-twice-draws-swarms-of-fans-during-pop-up-appearance-on-melrose,OK
https://www.latimes.com/b2bpublishing,OK
https://www.latimes.com/favicon-32x32.png,OK
https://ca-times.brightspotcdn.com/dims4/default/f16723c/2147483647/strip/true/crop/2819x1879+49+0/resize/840x560!/quality/80/?url=https%3A%2F%2Fcalifornia-times-brightspot.s3.amazonaws.com%2Fea%2F04%2F9db7aa9f4dfcad02bb9fe436ef54%2Fgettyimages-184682310.jpg,N_OK
https://www.latimes.com/entertainment-arts,OK
https://classifieds.latimes.com/,N_OK
https://ca-times.brightspotcdn.com/dims4/default/cf6a38f/2147483647/strip/true/crop/2615x1743+193+0/resize/840x560!/quality/80/?url=https%3A%2F%2Fcalifornia-times-brightspot.s3.amazonaws.com%2Fa3%2F2d%2F5c9b479f466a977bdc3282980c09%2F1263379-me-0302-expensive-land-4-rcg.jpg,N_OK
https://www.latimes.com/sports/lakers/story/2023-03-06/troy-brown-lakers-role-lebron-james,OK
https://www.latimes.com/topic/covid-19-pandemic,OK
https://ca-times.brightspotcdn.com/dims4/default/76d57eb/2147483647/strip/true/crop/3414x2276+93+0/resize/840x560!/quality/80/?url=https%3A%2F%2Fcalifornia-times-brightspot.s3.amazonaws.com%2F40%2F16%2Fdcd67c4f4b6a9f6627ee240ab412%2F2482350-la-hm-1001-autry-2-brv.jpg,N_OK
https://www.latimes.com/games,OK
https://ca-times.brightspotcdn.com/dims4/default/65dccae/2147483647/strip/true/crop/2795x1863+9+0/resize/840x560!/quality/80/?url=https%3A%2F%2Fcalifornia-times-brightspot.s3.amazonaws.com%2F0e%2F9c%2F365d6e6947de8bd381792ae6743e%2Fla-me-body-found-at-hs.jpg,N_OK
https://www.google-analytics.com/,N_OK
https://www.latimes.com/brandpublishing/hotproperty,OK
https://www.latimes.com/topic/guides,OK
https://www.latimes.com/politics,OK
https://placeanad.latimes.com/open-house,N_OK
https://www.latimes.com/food/newsletter/2023-01-22/easy-braises-that-make-the-best-leftovers-cooking-editorial,OK
https://www.latimes.com/entertainment-arts/story/2023-03-03/lifespan-of-a-fact-review-fountain-theatre-los-angeles,OK
https://store.latimes.com/?utm_source=latimes&utm_medium=homepage&utm_campaign=homepage_nav,N_OK
https://www.latimes.com/entertainment-arts/tv/story/2023-03-06/history-of-the-world-part-2-mel-brooks-hulu-review,OK
https://www.googletagservices.com/,N_OK
https://ca-times.brightspotcdn.com/dims4/default/5bdabcf/2147483647/strip/true/crop/7236x4824+250+0/resize/840x560!/quality/80/?url=https%3A%2F%2Fcalifornia-times-brightspot.s3.amazonaws.com%2Fb3%2F8e%2F146a11894f9c83900552085cdec4%2F1258072-me-0305-desantis-reagan-library4-wjs.jpg,N_OK
https://www.latimes.com/topic/things-to-do,OK
https://www.latimes.com/topic/times-investigations,OK
https://www.latimes.com/california/story/2023-01-29/lawmakers-want-investigation-hearings-into-the-wild-wild-west-of-california-cannabis-and-farm-work,OK
https://api.permutive.com/,N_OK
https://www.latimes.com/topic/la-affairs,OK
https://ca-times.brightspotcdn.com/dims4/default/09b09db/2147483647/strip/true/crop/6365x4243+0+11/resize/840x560!/quality/80/?url=https%3A%2F%2Fcalifornia-times-brightspot.s3.amazonaws.com%2Fd5%2Fba%2Fb9324c474815b996d9b842e7780d%2F1223474-me-victory-baptist-church-cmh-011.jpg,N_OK
https://ca-times.brightspotcdn.com/dims4/default/f5cfffc/2147483647/strip/true/crop/4945x3297+0+263/resize/840x560!/quality/80/?url=https%3A%2F%2Fcalifornia-times-brightspot.s3.amazonaws.com%2F56%2F0e%2F4908b004443897e8edd7bfedb923%2F1263868-la-sp-clippers-grizzlies-06-mjc.jpg,N_OK
https://www.latimes.com/about/marketing/los-angeles-times-for-students-and-educators,OK
https://www.latimes.com/homeless-housing,OK
https://ca-times.brightspotcdn.com/dims4/default/e5aa7eb/2147483647/strip/true/crop/6187x4125+0+0/resize/840x560!/quality/80/?url=https%3A%2F%2Fcalifornia-times-brightspot.s3.amazonaws.com%2Fa4%2Fbc%2Fec675d8b75d1bbe312fd01c965cb%2F6a2e67a3cc6849b8857dee55fa6005ae,N_OK
https://www.latimes.com/entertainment-arts/awards/story/2023-03-06/oscars-2023-the-slap-one-year-later-will-smith-chris-rock,OK
https://www.latimes.com/about/public-affairs,OK
https://www.latimes.com/,OK
https://www.latimes.com/bestcovery/best-plasma-tv-overall,OK
https://membership.latimes.com/newsletters/,N_OK
https://www.latimes.com/california,OK
https://ca-times.brightspotcdn.com/dims4/default/5140562/2147483647/strip/true/crop/3471x2314+0+0/resize/840x560!/quality/80/?url=https%3A%2F%2Fcalifornia-times-brightspot.s3.amazonaws.com%2F2c%2F9a%2Fe63ec5344672b86750b9c2f28988%2F1248815-wk-0218-michael-washington-usal-020-ik.jpg,N_OK
https://www.latimes.com/bestcovery/?utm_source=on_site&utm_medium=footer&utm_campaign=bestcovery,OK
https://activate.platform.californiatimes.com/caltimes/latimes/Bootstrap.js,N_OK
https://www.latimes.com/latest,OK
https://ca-times.brightspotcdn.com/dims4/default/a97ad92/2147483647/strip/true/crop/3500x2333+0+0/resize/840x560!/quality/80/?url=https%3A%2F%2Fcalifornia-times-brightspot.s3.amazonaws.com%2F4f%2F33%2F1874d80a0e2299eae98504de48a6%2F7a4c689eb03948999d1dbfcdfbb827c6,N_OK
https://ca-times.brightspotcdn.com/dims4/default/56dd32e/2147483647/strip/true/crop/840x560+0+0/resize/840x560!/quality/80/?url=https%3A%2F%2Fcalifornia-times-brightspot.s3.amazonaws.com%2Fc0%2Fef%2F9af4d21241d598b236d43bae1b3d%2Fbestcovery-weighted-blankets-v1.png,N_OK
https://timesrx.latimes.com/?utm_source=on_site&utm_medium=homepagebarker&utm_campaign=times_rx,N_OK
https://ca-times.brightspotcdn.com/dims4/default/97b383c/2147483647/strip/true/crop/2603x1735+0+0/resize/840x560!/quality/80/?url=https%3A%2F%2Fcalifornia-times-brightspot.s3.amazonaws.com%2F1f%2F6f%2Fa97da0134faeb58e428710e0d848%2F1263041-me-weather-feature-12-ajs-crp.jpg,N_OK
https://www.latimes.com/world-nation/story/2023-03-03/black-vietnam-veteran-finally-awarded-medal-of-honor,OK
https://www.latimes.com/gift-subscription-terms,OK
https://www.latimes.com/lifestyle/story/2023-03-03/la-affairs-i-got-divorced-married-men-react,OK
https://www.latimes.com/obituaries,OK
https://www.latimes.com/california/story/2023-03-06/two-teens-rescued-hike-san-gorgonio-mountains-dangerous-snow,OK
https://www.latimes.com/projects/california-coronavirus-cases-tracking-outbreak/embedVaccines/,OK
https://link.chtbl.com/jln4Gc2Q?sid=HP_Barker,N_OK
https://www.latimes.com/about/for-the-record/,OK
https://www.latimes.com/lifestyle/image,OK
https://www.latimes.com/business/technology/story/2023-03-06/column-the-promise-of-free-speech-on-elon-musks-twitter-is-officially-dead,OK
https://www.latimes.com/california/story/2023-03-05/reasons-los-angeles-homeless-unhoused-rv-encampments,OK
https://www.latimeswine.com/club,N_OK
https://www.latimes.com/privacy-policy,OK
https://www.latimes.com/opinion/story/2023-03-02/california-covid-school-vaccine-mandate,OK
https://ca-times.brightspotcdn.com/dims4/default/99c25ba/2147483647/strip/true/crop/840x560+0+0/resize/840x560!/quality/80/?url=https%3A%2F%2Fcalifornia-times-brightspot.s3.amazonaws.com%2F83%2F70%2F736896e54fad94d4080beeaad7dc%2Flat23-fob-840x560.jpg,N_OK
https://www.latimes.com/bestcovery/best-hdtv-overall,OK
https://ca-times.brightspotcdn.com/dims4/default/f6c1728/2147483647/strip/true/crop/840x560+0+0/resize/840x560!/quality/80/?url=https%3A%2F%2Fcalifornia-times-brightspot.s3.amazonaws.com%2F9a%2F14%2F1c33540c478e8fe34fd88f06110d%2Fcompare-deals.png,N_OK
https://www.latimes.com/california/story/2023-03-06/lax-boston-flight-man-tries-open-plane-door-prosecutors,OK
https://www.latimes.com/travel/list/best-ceilings-los-angeles,OK
https://www.latimes.com/terms-of-service,OK
https://www.latimes.com/california/story/2023-02-09/tom-erika-girardi-secret-service-hollywood-designer-wire-fraud-claims,OK
https://www.latimes.com/giving,OK
https://ca-times.brightspotcdn.com/dims4/default/0bfb8ac/2147483647/strip/true/crop/3035x2023+283+0/resize/840x560!/quality/80/?url=https%3A%2F%2Fcalifornia-times-brightspot.s3.amazonaws.com%2F83%2F37%2Ffd9d37d04b3bb3dc2ea288b63685%2F967202-me-water-theft-delta-mendota-canal-1-brv.jpg,N_OK
https://www.latimes.com/espanol/deportes/articulo/2023-03-06/benfica-va-por-el-golpe-de-gracia-ante-brujas,OK
https://marketplace.latimes.com/,N_OK
https://www.latimes.com/lifestyle/list/sycamore-avenue-la-coolest-new-neighborhood,OK
https://www.latimes.com/lifestyle/story/2023-02-17/la-affairs-i-wanted-someone-to-love-me,OK
https://www.latimes.com/world-nation/story/2023-03-06/cartoonists-criticize-dilbert-creator-over-racist-remarks,OK
https://ca-times.brightspotcdn.com/dims4/default/db56d54/2147483647/strip/true/crop/5400x3600+1+0/resize/840x560!/quality/80/?url=https%3A%2F%2Fcalifornia-times-brightspot.s3.amazonaws.com%2F57%2F7b%2F04bca43645a18018d5b5541e2adf%2F1249519-ig-channel-tres-12.jpg,N_OK
https://hbopenbid.pubmatic.com/,N_OK
https://www.latimes.com/politics/story/2023-03-06/black-archaeologist-conflict-over-history-education-ron-desantis-ap-course,OK
https://www.latimes.com/world-nation/story/2023-03-06/many-kids-are-struggling-in-school-do-their-parents-know,OK
https://www.latimes.com/topic/for-la-times-subscribers,OK
https://ca-times.brightspotcdn.com/dims4/default/350c109/2147483647/strip/true/crop/840x560+0+0/resize/840x560!/quality/80/?url=https%3A%2F%2Fcalifornia-times-brightspot.s3.amazonaws.com%2F9d%2F6d%2Fa3b270724485b4fba140eb8cbcb5%2Fthe-times.jpg,N_OK
https://www.latimes.com/business,OK
https://ca-times.brightspotcdn.com/dims4/default/4236eeb/2147483647/strip/true/crop/2509x1673+245+423/resize/840x560!/quality/80/?url=https%3A%2F%2Fcalifornia-times-brightspot.s3.amazonaws.com%2F6b%2F1e%2F55709d9a46638f5409e1d3ed5bea%2Fcalifornia-abortion-88483.jpg,N_OK
https://www.latimes.com/entertainment-arts/business/story/2023-03-06/bet-majority-stake-tyler-perry-interested-paramount-global,OK
https://www.latimes.com/world-nation/story/2023-03-06/ukraine-unyielding-in-bakhmut-as-russian-troops-close-in,OK
https://ca-times.brightspotcdn.com/dims4/default/a23a7fd/2147483647/strip/true/crop/4292x2861+2+0/resize/840x560!/quality/80/?url=https%3A%2F%2Fcalifornia-times-brightspot.s3.amazonaws.com%2F42%2Ff0%2F5079c4ef44e48c7eb2253dcf5d02%2Fdodgers-brewers-baseball-49310.jpg,N_OK
https://www.latimes.com/games/daily-crossword,OK
https://www.latimes.com/entertainment-arts/newsletter/2023-03-04/essential-arts-kyiv-monuments-essential-arts-arts-culture,OK
https://ca-times.brightspotcdn.com/dims4/default/1eef648/2147483647/strip/true/crop/3911x2607+0+0/resize/840x560!/quality/80/?url=https%3A%2F%2Fcalifornia-times-brightspot.s3.amazonaws.com%2F87%2Fad%2F27e57eb5449891233cea49c51330%2F1261734-et-twice-melrose-pop-up-20.jpg,N_OK
https://store.latimes.com/,N_OK
https://edge.platform.latimes.com/,N_OK
https://www.latimes.com/world-nation,OK
https://www.latimes.com/coupon-codes,OK
https://ca-times.brightspotcdn.com/dims4/default/1e6c9a5/2147483647/strip/true/crop/1620x1080+0+0/resize/840x560!/quality/80/?url=https%3A%2F%2Fcalifornia-times-brightspot.s3.amazonaws.com%2Fda%2Fbf%2F2151397c4d1895de7c57ba41d184%2Fcover-alt-1.png,N_OK
https://ca-times.brightspotcdn.com/dims4/default/24b1528/2147483647/strip/true/crop/1620x1080+150+0/resize/840x560!/quality/80/?url=https%3A%2F%2Fcalifornia-times-brightspot.s3.amazonaws.com%2F91%2F85%2F7880346746b6b9936a91e8284c85%2Fcopy-of-the-beauty-president.png,N_OK
https://www.latimes.com/compare-deals?utm_source=on_site&utm_medium=homepagebarker&utm_campaign=compare_deals,OK
https://www.latimes.com/world-nation/story/2023-03-06/russia-gives-fertilizer-to-malawi-seeks-african-support,OK
https://www.eventbrite.com/e/43rd-annual-los-angeles-times-book-prizes-tickets-tickets-548047263117?aff=Digital&utm_source=on_site&utm_medium=homepagebarker&utm_campaign=fob_2023_book_prizes,N_OK
https://www.latimes.com/lifestyle/story/2023-03-02/share-your-disneyland-tips,OK
https://ca-times.brightspotcdn.com/dims4/default/7b8d7a3/2147483647/strip/true/crop/3600x2400+0+0/resize/840x560!/quality/80/?url=https%3A%2F%2Fcalifornia-times-brightspot.s3.amazonaws.com%2F9c%2Fbc%2F3de3fa214a629dbdf25d770cdc5c%2F1262435-me-snowed-in-san-bernardino-mountains-47-brv.jpg,N_OK
https://www.latimes.com/business/story/2023-03-06/column-a-spineless-walgreens-bows-down-to-antiabortion-crusaders,OK
https://events.latimes.com/festivalofbooks/?utm_source=on_site&utm_medium=homepagebarker&utm_campaign=fob_2023,N_OK
https://fastlane.rubiconproject.com/,N_OK
https://www.latimes.com/opinion/story/2023-03-02/california-uc-berkeley-ceqa-housing-environment,OK
https://www.latimes.com/opinion/story/2023-03-06/house-republicans-government-programs-employees-fire-shut-down-holman-rule,OK
https://www.latimes.com/specialsupplements,OK
https://www.latimes.com/topic/oscars,OK
https://activate.platform.californiatimes.com/,N_OK
https://www.latimes.com/california/story/2023-03-06/p22-mountain-lion-burial-location-tribal-ceremony-santa-monica-mountains,OK
https://www.latimes.com/archives,OK
https://cdn.confiant-integrations.net/,N_OK
https://www.latimes.com/travel,OK
https://ca-times.brightspotcdn.com/dims4/default/2b23991/2147483647/strip/true/crop/1800x1200+0+0/resize/840x560!/quality/80/?url=https%3A%2F%2Fcalifornia-times-brightspot.s3.amazonaws.com%2F6a%2F88%2Fa2fb28dc4b699764a1e928fd6d0d%2Fhistory-of-the-world-part-2-1.jpg,N_OK
https://www.latimes.com/business/story/2023-03-05/social-security-survivor-benefits-can-be-confusing-heres-how-they-work,OK
https://www.latimes.com/entertainment-arts/tv/story/2023-03-04/chris-rock-netflix-special-selective-outrage,OK
https://ca-times.brightspotcdn.com/dims4/default/e570425/2147483647/strip/true/crop/4816x3211+0+0/resize/840x560!/quality/80/?url=https%3A%2F%2Fcalifornia-times-brightspot.s3.amazonaws.com%2F7c%2Fe7%2Fa9e5016744caa94a2935acae8c06%2Fla-photos-1staff-838136-fo-cooking-dates-recipes-2021-08.JPG,N_OK
https://www.latimes.com/california/story/2023-01-07/a-top-general-is-fired-from-the-scandal-plagued-california-national-guard,OK
https://peopleonthemove.latimes.com/,N_OK
https://www.latimes.com/california/story/2023-03-06/jury-awards-l-a-prosecutor-1-5-million-in-retaliation-suit-against-d-a-george-gascon,OK
https://www.latimes.com/entertainment-arts/story/2023-03-05/bruce-willis-wife-paparazzi-stop-yelling-dementia,OK
https://www.latimes.com/sports/dodgers/story/2023-03-06/dodgers-miguel-vargas-finger-injury-second-base,OK
https://ca-times.brightspotcdn.com/dims4/default/5b30a63/2147483647/strip/true/crop/840x560+0+0/resize/840x560!/quality/80/?url=https%3A%2F%2Fcalifornia-times-brightspot.s3.amazonaws.com%2Fd8%2F4b%2Ff75c6faa47b5ab7e8528d7901fed%2Fla-times-coupons.jpg,N_OK
https://www.latimes.com/bestcovery/?utm_source=on_site&utm_medium=flyout&utm_campaign=bestcovery,OK
https://ca-times.brightspotcdn.com/dims4/default/7f26842/2147483647/strip/true/crop/5568x3712+0+0/resize/840x560!/quality/80/?url=https%3A%2F%2Fcalifornia-times-brightspot.s3.amazonaws.com%2Fde%2Fd8%2Fb60bbcf942b086ed3b138f33ac22%2Fla-photos-1staff-465373-fo-0912-cooking-mrt-005.JPG,N_OK
https://www.facebook.com/latimes,N_OK
https://www.latimes.com/politics/story/2023-03-06/several-gop-states-pull-out-of-effort-to-thwart-voter-fraud,OK
https://www.latimes.com/brandpublishing/bestofthebest2022,OK
https://www.latimes.com/california/story/2023-03-05/la-black-church-struggles-to-find-answers-after-fire,OK
https://www.latimes.com/california/story/2023-03-05/firefighters-battle-to-save-victory-baptist-church,OK
https://www.latimes.com/food/newsletter/2023-03-05/make-ahead-salad-recipes-for-a-week-of-easy-lunches-cooking-editorial,OK
https://ca-times.brightspotcdn.com/dims4/default/115c997/2147483647/strip/true/crop/840x560+0+0/resize/840x560!/quality/80/?url=https%3A%2F%2Fcalifornia-times-brightspot.s3.amazonaws.com%2F11%2Fc9%2F844bb1a8423d80f83ea167950481%2Fenvelope-evergreen-barker.jpg,N_OK
https://www.latimes.com/entertainment-arts/music/story/2023-03-06/glorilla-concert-death-rochester-crowd-surge,OK
https://www.latimes.com/sports/clippers/story/2023-03-06/column-hernandez-column-on-clippers-vs-grizzlies,OK
https://www.latimes.com/entertainment-arts/awards/story/2023-03-01/the-prosecutor-and-the-actor-who-plays-him-on-taking-down-argentinas-military-regime,OK
https://www.latimes.com/world-nation/story/2023-03-06/kim-jong-uns-sister-warns-north-korea-ready-to-act-against-the-u-s-and-south-korea,OK
https://www.latimes.com/b2b/business-visionaries,OK
https://www.latimes.com/entertainment-arts/awards,OK
https://www.latimes.com/topic/education,OK
https://ca-times.brightspotcdn.com/dims4/default/5a9cdbf/2147483647/strip/true/crop/1620x1080+150+0/resize/840x560!/quality/80/?url=https%3A%2F%2Fcalifornia-times-brightspot.s3.amazonaws.com%2F8f%2F14%2Fcfd04d8942a2b5c1480b35d57836%2F1236987-wk-0106-sycamore-ave-poi-cmh-final-0000000.jpg,N_OK
https://www.latimes.com/about/shortdocs,OK
https://marketplace.latimes.com/places/types:23,N_OK
https://www.latimes.com/california/story/2023-03-06/zip-a-dee-doo-dah-racist-song-of-the-south-removed-disneyland-parade-soundtrack,OK
https://www.latimes.com/food/list/101-best-los-angeles-restaurants-ranked-2022,OK
https://www.latimes.com/world-nation/story/2023-03-06/south-african-leader-grapples-with-ever-worsening-power-cuts,OK
https://www.latimes.com/opinion/story/2023-03-06/editorial-medication-abortion-fda,OK
https://ca-times.brightspotcdn.com/dims4/default/fb5c848/2147483647/strip/true/crop/2959x1973+0+0/resize/840x560!/quality/80/?url=https%3A%2F%2Fcalifornia-times-brightspot.s3.amazonaws.com%2Fcf%2Ff3%2Ff1163e254d4f8f0d77a7110972fe%2F6-ch4-earl-monroe-bullets.jpg,N_OK
https://ping.chartbeat.net/,N_OK
https://www.latimes.com/podcasts/story/2023-03-06/the-times-podcast-oscars-2023-academy-awards-predictions-films,OK
https://enewspaper.latimes.com/,N_OK
https://ca-times.brightspotcdn.com/dims4/default/94e9aea/2147483647/strip/true/crop/5165x3443+0+0/resize/840x560!/quality/80/?url=https%3A%2F%2Fcalifornia-times-brightspot.s3.amazonaws.com%2Fbd%2F03%2Fa64e5a04445fa6758026a843f88a%2F2019-nyff-motherless-brooklyn-premiere-40032.jpg,N_OK
https://www.latimes.com/world-nation/story/2023-03-06/uk-aims-to-deport-channel-migrants-but-critics-skeptical,OK
https://ca-times.brightspotcdn.com/dims4/default/5f3e583/2147483647/strip/true/crop/6720x4480+0+0/resize/840x560!/quality/80/?url=https%3A%2F%2Fcalifornia-times-brightspot.s3.amazonaws.com%2F17%2F36%2F29e2b2ab48afab01a66e54ee6160%2F1246155-me-0125-blair-stewart-brea-gem-006.jpg,N_OK
https://store.latimes.com/?utm_source=latimes&utm_medium=homepage&utm_campaign=homepage,N_OK
https://ca-times.brightspotcdn.com/dims4/default/7fc4ebe/2147483647/strip/true/crop/3231x2154+0+146/resize/840x560!/quality/80/?url=https%3A%2F%2Fcalifornia-times-brightspot.s3.amazonaws.com%2F0a%2Fc2%2F9ac2ff134505afb6568edeb3d7da%2Flat-pirate.jpg,N_OK
https://www.latimes.com/california/story/2023-03-06/a-big-chunk-of-palos-verdes-peninsula-is-sliding-into-the-sea-can-the-city-stop-it,OK
https://www.latimes.com/california/story/2023-03-02/hidden-illegal-casinos-los-angeles-organized-crime,OK
https://www.latimes.com/california/story/2023-03-06/wilson-high-student-fatally-stabbed-off-campus-after-school-friday,OK
https://www.latimes.com/flyoutsubscribe,OK
https://www.latimes.com/sports/highschool/story/2023-03-06/former-laker-michael-cooper-culver-city-high-basketball-state-title,OK
https://micro.rubiconproject.com/prebid/dynamic/20520.js,N_OK
https://www.latimes.com/about/how-to-obtain-rights-permissions,OK
https://www.latimes.com/california/story/2023-03-05/southern-california-los-angeles-weather-rain-dry-week,OK
https://www.latimes.com/entertainment-arts/business,OK
https://www.latimes.com/environment/story/2023-03-06/is-californias-antiquated-water-rights-system-racist,OK
https://www.latimes.com/lifestyle/image/story/2023-03-01/panteha-abareshi-their-art-was-designed-to-make-you-feel-discomfort,OK
https://ca-times.brightspotcdn.com/dims4/default/13f91b4/2147483647/strip/true/crop/4500x3000+0+0/resize/840x560!/quality/80/?url=https%3A%2F%2Fcalifornia-times-brightspot.s3.amazonaws.com%2F29%2Feb%2F68d245ce3c0f741005f99695ca76%2F93828da55f9340188a9bce2a40ed8c1e,N_OK
https://cdn.confiant-integrations.net/GfBGK_P3Adzw1hvTTkQjebew6Z4/gpt_and_prebid/config.js,N_OK
https://ca-times.brightspotcdn.com/dims4/default/9cfeee4/2147483647/strip/true/crop/4955x3303+0+0/resize/840x560!/quality/80/?url=https%3A%2F%2Fcalifornia-times-brightspot.s3.amazonaws.com%2Fd1%2Fad%2Fc8f275fe4dc69572b79f14f5c15e%2F1243341-et-mickey-minnies-runaway-railway-disneyland-238.jpg,N_OK
https://www.latimes.com/video,OK
https://libs.platform.californiatimes.com/meteringjs/latspot.js,N_OK
https://www.latimes.com/podcasts/story/2023-03-01/the-times-podcast-workplace-exploitation-california-cannabis,OK
https://www.latimes.com/newsletters/sign-up-for-l-a-on-the-record,OK
https://www.latimes.com/sports,OK
https://www.latimes.com/footersubscribe,OK
https://www.instagram.com/latimes/,N_OK
https://tpc.googlesyndication.com/,N_OK
https://www.latimes.com/california/story/2023-03-06/mountain-communities-grapple-with-snow,OK
https://ca-times.brightspotcdn.com/dims4/default/cab53e8/2147483647/strip/true/crop/4898x3265+143+0/resize/840x560!/quality/80/?url=https%3A%2F%2Fcalifornia-times-brightspot.s3.amazonaws.com%2F79%2Fce%2F19a35e8c40488f4af83e7d7f5f71%2Fla-photos-freelance-contract-801620-la-fo-week-of-meals-campbell-meatballs-001.JPG,N_OK
https://c.amazon-adsystem.com/,N_OK
https://jobs.latimes.com/,N_OK
https://ca-times.brightspotcdn.com/dims4/default/0b2c9b0/2147483647/strip/true/crop/840x460+0+50/resize/840x460!/quality/80/?url=https%3A%2F%2Fcalifornia-times-brightspot.s3.amazonaws.com%2F16%2Fd6%2F2e6d66bb43449d286719c9016629%2Fbestcovery-plasma-tv.jpg,N_OK
https://www.latimes.com/travel/list/best-hidden-gardens-los-angeles,OK
https://ca-times.brightspotcdn.com/dims4/default/44ad7f5/2147483647/strip/true/crop/840x560+0+0/resize/840x560!/quality/80/?url=https%3A%2F%2Fcalifornia-times-brightspot.s3.amazonaws.com%2Feb%2F14%2F50c738704a359c522e83c7c4166d%2Fgascon.jpg,N_OK
https://ca-times.brightspotcdn.com/dims4/default/91312ae/2147483647/strip/true/crop/5886x3924+0+0/resize/840x560!/quality/80/?url=https%3A%2F%2Fcalifornia-times-brightspot.s3.amazonaws.com%2F91%2F38%2Fe345b4c64fe180986dda66e3087a%2Fgettyimages-1240227456.jpg,N_OK
https://www.latimes.com/bestcovery/?utm_source=on_site&utm_medium=homepagebarker&utm_campaign=bestcovery,OK
https://www.latimes.com/california/story/2023-03-06/socal-gas-proposed-4-9-billion-rate-sparks-outrage-amid-soaring-bills,OK
https://www.latimes.com/lifestyle/image/story/2023-03-02/fred-moten-poem,OK
https://ca-times.brightspotcdn.com/dims4/default/d40adc7/2147483647/strip/true/crop/840x560+0+0/resize/840x560!/quality/80/?url=https%3A%2F%2Fcalifornia-times-brightspot.s3.amazonaws.com%2F1e%2Fa9%2F52122fc94436b5a01d8f107fcecb%2Fla-times-store.jpeg,N_OK
https://rp.liadm.com/,N_OK
https://libs.platform.californiatimes.com/,N_OK
https://membership.latimes.com/subscription-info,N_OK
https://ca-times.brightspotcdn.com/resource/0000016e-6bb5-d505-abef-fbb7e4420000/styleguide/Core.min.ba7e64c285267fa3ac957a7a676836d0.gz.js,N_OK
https://www.latimes.com/world-nation/story/2023-03-06/street-near-miami-named-for-justice-ketanji-brown-jackson,OK
https://www.latimes.com/world-nation/story/2023-03-06/archaeologists-in-egypt-unearth-sphinx-like-roman-era-statue,OK
https://www.latimes.com/games/daily-crossword?utm_source=LATIMES&utm_medium=homepagebarker&utm_campaign=games,OK
https://www.latimes.com/tips/,OK
https://www.latimes.com/entertainment-arts/tv,OK
https://sli.latimes.com/,N_OK
https://marketplace.latimes.com/places/categories:43,N_OK
https://www.latimes.com/sitemap,OK
https://link.chtbl.com/TheEnvelopeS4?sid=HP_Barker,N_OK
https://ca-times.brightspotcdn.com/dims4/default/4faedd1/2147483647/strip/true/crop/840x560+0+0/resize/840x560!/quality/80/?url=https%3A%2F%2Fcalifornia-times-brightspot.s3.amazonaws.com%2F5a%2Ff9%2F88e39e9a4ea4ac476d994ecb9bf1%2Fwine-club-v5.png,N_OK
https://www.latimes.com/science/story/2023-03-06/book-of-animal-secrets-by-david-agus-usc-is-rife-with-plagiarism,OK
https://www.latimes.com/california/story/2023-03-06/la-councilman-mark-ridley-thomas-donors-defense-bribery-corruption-charges,OK
https://ca-times.brightspotcdn.com/dims4/default/8df5f6a/2147483647/strip/true/crop/840x560+0+0/resize/840x560!/quality/80/?url=https%3A%2F%2Fcalifornia-times-brightspot.s3.amazonaws.com%2Feb%2F15%2F961fcf25441b89afbcc9c13c424f%2Ftimes-rx-updated.jpg,N_OK
https://twitter.com/latimes,N_OK
https://www.latimes.com/entertainment-arts/music/story/2023-03-03/david-lindley-guitarist-jackson-browne-dies-79,OK
https://ca-times.brightspotcdn.com/dims4/default/449fd4c/2147483647/strip/true/crop/3600x2400+0+1/resize/840x560!/quality/80/?url=https%3A%2F%2Fcalifornia-times-brightspot.s3.amazonaws.com%2F58%2Ffa%2Ffcbca5694301b51a682ceb163b0c%2Fdelaney-george-press-shot-photographed-by-adam-vo1.JPG,N_OK
https://placeanad.latimes.com/,N_OK
https://ssor.platform.californiatimes.com/reg/tribune/latspot.min.js,N_OK
https://ca-times.brightspotcdn.com/dims4/default/f1d8327/2147483647/strip/true/crop/840x460+0+50/resize/840x460!/quality/80/?url=https%3A%2F%2Fcalifornia-times-brightspot.s3.amazonaws.com%2Ff7%2F18%2F6c4231b64c08a927b6199e54eb5a%2Fv3-bestcovery-vacuumgraphics-3a.png,N_OK
https://play.google.com/store/apps/details?id=com.apptivateme.next.la&hl=en_US,N_OK
https://www.latimes.com/entertainment-arts/story/2023-03-04/delaney-george-photos-black-women-fine-art,OK
https://ca-times.brightspotcdn.com/dims4/default/c7066be/2147483647/strip/true/crop/1680x1120+0+0/resize/840x560!/quality/80/?url=https%3A%2F%2Fcalifornia-times-brightspot.s3.amazonaws.com%2Fc5%2F9b%2Fdf4850e6469aa6b0580c71a8fa18%2Fla22-envelope-s4-hp-barker-840x560-final-2x.jpg,N_OK
https://nantmedia.wd5.myworkdayjobs.com/LATimesCareers,N_OK
https://www.latimes.com/food/list/best-los-angeles-coffee-shops-and-cafes-for-amazing-brews,OK
https://www.latimeswine.com/club?utm_source=latimes&utm_medium=partner&utm_campaign=digital-tile-840x560-july&utm_content=redcarpet-39.95,N_OK
https://www.latimes.com/bestcovery/about-us,OK
https://www.latimes.com/business/story/2023-03-06/tesla-slashes-model-s-and-x-prices-for-the-second-time-this-year,OK
https://apps.apple.com/us/app/la-times/id373238146,N_OK
https://www.latimes.com/bestcovery/?utm_source=on_site&utm_medium=navigation_bar&utm_campaign=bestcovery,OK
https://securepubads.g.doubleclick.net/tag/js/gpt.js,N_OK
https://www.latimes.com/opinion/story/2023-03-06/education-gavin-newsom-sat-ged-uc-ivy-league-meritocracy,OK
https://www.latimes.com/food/recipes,OK
https://www.latimes.com/lifestyle/story/2023-02-24/la-affairs-getting-a-second-date,OK
https://www.latimes.com/bestcovery/awesome-accessories-to-get-the-most-out-of-your-stand-mixer,OK
https://www.latimes.com/politics/story/2023-03-05/desantis-touts-florida-approach-during-california-visit,OK
https://www.latimes.com/events-los-angeles-times,OK
https://ca-times.brightspotcdn.com/dims4/default/5e6549d/2147483647/strip/true/crop/5179x3453+0+51/resize/840x560!/quality/80/?url=https%3A%2F%2Fcalifornia-times-brightspot.s3.amazonaws.com%2F99%2F98%2Fb75f1f674d2b97244e2ea55e0770%2F1228401-me-1210-bass-leimert-park-gem-014.jpg,N_OK
https://www.latimes.com/lifestyle,OK
https://membership.latimes.com/newsletters/?_ga=2.251099398.1896328230.1613286933-114874840.1613286932,N_OK
https://ssor.platform.californiatimes.com/,N_OK
https://www.latimes.com/california/story/2023-02-28/utla-reelects-leader-amid-push-for-20-teacher-raise,OK
https://www.latimes.com/bestcovery,OK
https://www.latimes.com/california/latino-life,OK
https://ca-times.brightspotcdn.com/dims4/default/ff0bca5/2147483647/strip/true/crop/840x560+0+0/resize/840x560!/quality/80/?url=https%3A%2F%2Fcalifornia-times-brightspot.s3.amazonaws.com%2Ff7%2F70%2F5acb3c9b4ddf82e4dad1c05252e5%2Fla22-thetimes-keyart-840x560-final.png,N_OK
https://ca-times.brightspotcdn.com/dims4/default/f6090c3/2147483647/strip/true/crop/3408x2272+296+0/resize/840x560!/quality/80/?url=https%3A%2F%2Fcalifornia-times-brightspot.s3.amazonaws.com%2F7e%2F9f%2F3453bd0a48b9bda5fa865b382930%2Fla-photos-1staff-790720-la-me-homeless-encampments-ballona-wetlands-19-als.jpg,N_OK
https://www.latimes.com/politics/story/2023-03-06/bidens-student-loan-forgiveness-plan-is-stalled-but-billions-in-other-loans-being-canceled,OK
https://ca-times.brightspotcdn.com/dims4/default/b2a2d10/2147483647/strip/true/crop/6599x4413+0+1888/resize/320x214!/quality/80/?url=https%3A%2F%2Fcalifornia-times-brightspot.s3.amazonaws.com%2F53%2F21%2F03c4f092458bb3e5f966b5251f10%2F1255319-env-peter-lanzani-photo-1.jpg,N_OK
https://libs.platform.californiatimes.com/modalityjs/latest.js,N_OK
https://www.latimes.com/environment,OK
https://www.latimes.com/bestcovery/best-weighted-blankets,OK
https://ca-times.brightspotcdn.com/dims4/default/6af2577/2147483647/strip/true/crop/1918x1080+1+0/resize/840x473!/quality/80/?url=https%3A%2F%2Fcalifornia-times-brightspot.s3.amazonaws.com%2Fa9%2Fae%2Fa9ed5b5e4a0dbdc5de47e71f3aff%2Fforreal-drew-homepage-loop-0000000.jpg,N_OK
https://adservice.google.com/,N_OK
https://www.latimes.com/vegasguide,OK
https://www.latimes.com/business/story/2023-03-02/california-tax-deadlines-pushed-back-to-october,OK
https://ca-times.brightspotcdn.com/dims4/default/d2ace6a/2147483647/strip/true/crop/5400x3600+0+0/resize/840x560!/quality/80/?url=https%3A%2F%2Fcalifornia-times-brightspot.s3.amazonaws.com%2Fec%2F97%2F94c81dfb448495929b6294aa87a4%2F466854-la-et-tyler-perry-studios-kdm-061.jpg,N_OK
https://www.latimes.com/science,OK
https://www.latimes.com/california/photography,OK
https://ca-times.brightspotcdn.com/dims4/default/140efd6/2147483647/strip/true/crop/4020x2680+0+160/resize/840x560!/quality/80/?url=https%3A%2F%2Fcalifornia-times-brightspot.s3.amazonaws.com%2F19%2F21%2F8eefbfc1451d8ca7aeaf9a087b34%2F1246754-me-beehive-jja-0082c.jpg,N_OK
https://static.chartbeat.com/,N_OK
https://activate.latimes.com/,N_OK
https://www.latimes.com/index.rss,OK
https://ajax.googleapis.com/,N_OK
https://www.latimes.com/california/story/2023-03-04/week-in-photos-top-stories-march-4,OK
https://www.latimes.com/bestcovery/what-is-the-best-appliance-for-making-high-quality-coffee,OK
https://ca-times.brightspotcdn.com/dims4/default/db7f72c/2147483647/strip/true/crop/1500x1000+0+0/resize/840x560!/quality/80/?url=https%3A%2F%2Fcalifornia-times-brightspot.s3.amazonaws.com%2F4a%2F76%2F77ce55634f418b4fc362285f9bac%2Ftheshot-thumb-cms-playbutton.jpg,N_OK
https://www.latimes.com/bestcovery/make-movie-theater-popcorn-from-the-comfort-of-your-home,OK
https://www.latimes.com/entertainment-arts/awards?utm_source=on_site&utm_medium=homepagebarker&utm_campaign=the_envelope_rebrand,OK
https://www.latimes.com/entertainment-arts/music/story/2023-03-06/gary-rossington-death-lynyrd-skynyrd-guitarist-statement,OK
https://www.latimes.com/entertainment-arts/story/2023-03-05/for-real-drew-barrymore-talk-show,OK
https://ca-times.brightspotcdn.com/dims4/default/8e3973a/2147483647/strip/true/crop/5250x3500+0+1750/resize/840x560!/quality/80/?url=https%3A%2F%2Fcalifornia-times-brightspot.s3.amazonaws.com%2F48%2F22%2F3c9e9faa46a991e93b22fcff2019%2Fig-art-interlude-panteha-abareshi-01.jpg,N_OK
https://www.latimes.com/obituaries/story/2023-03-06/judy-heumann-trailblazing-disability-rights-activist-dies-at-75,OK
https://www.latimes.com/entertainment-arts/music,OK
https://www.latimes.com/lifestyle/image/story/2023-02-22/channel-tres-discusses-new-work-la-mental-health-transcendence-through-music,OK
https://www.latimes.com/about,OK
https://www.latimes.com/espanol/deportes/articulo/2023-03-06/fuente-ap-raiders-etiqueta-como-jugador-franquicia-a-jacobs,OK
https://www.latimes.com/compare-deals,OK
https://www.youtube.com/losangelestimes,N_OK
https://www.latimes.com/podcasts,OK
https://prebid-a.rubiconproject.com/,N_OK
https://www.latimes.com/apple-touch-icon.png,OK
https://www.latimes.com/lifestyle/image/story/2023-02-28/l-a-spring-wont-arrive-soon-enough-these-12-pop-ups-events-will-help-you-get-ready,OK
https://www.latimes.com/subscriber-terms-and-conditions,OK
https://www.latimes.com/california/story/2023-03-01/photos-mountain-communities-buried-in-snow-more-on-the-way,OK
https://www.latimes.com/business/story/2023-03-06/stocks-tick-higher-wall-street-recent-run,OK
https://ca-times.brightspotcdn.com/,N_OK
https://www.latimes.com/coupon-codes?utm_source=on_site&utm_medium=homepagebarker&utm_campaign=coupon_codes,OK
https://www.latimes.com/lifestyle/story/2023-03-03/pirate-season-coping-strategy,OK
https://secure.cdn.fastclick.net/,N_OK
https://bidder.criteo.com/,N_OK
https://www.latimes.com/opinion,OK
https://ca-times.brightspotcdn.com/dims4/default/2daa682/2147483647/strip/true/crop/1125x131+0+0/resize/120x14!/quality/80/?url=https%3A%2F%2Fcalifornia-times-brightspot.s3.amazonaws.com%2Feb%2Fdc%2Fa4d5c79142e68acac00cac437c68%2Fbestcoverylogo2.png,N_OK
https://www.latimes.com/entertainment-arts/movies/story/2023-03-06/ricou-browning-actor-with-fins-in-cult-classic-creature-from-the-black-lagoon-dies,OK
https://ca-times.brightspotcdn.com/dims4/default/6f20107/2147483647/strip/true/crop/1680x1120+0+0/resize/840x560!/quality/80/?url=https%3A%2F%2Fcalifornia-times-brightspot.s3.amazonaws.com%2F24%2F6e%2Fe2a6e2d3417ab019efe2a686a2c6%2Fgames-v2.jpeg,N_OK
https://ca-times.brightspotcdn.com/a6/d6/eea0f1094fb281dbea09e0aa79cd/art-caltimes-trademark-3x.png,N_OK
https://membership.latimes.com/privacy-settings,N_OK
https://www.latimes.com/topic/california-law-politics,OK
https://www.latimes.com/opinion/story/2023-03-06/psychosis-mental-health-treatment-elephant-seals,OK
https://ca-times.brightspotcdn.com/dims4/default/f824087/2147483647/strip/true/crop/4200x2800+0+0/resize/840x560!/quality/80/?url=https%3A%2F%2Fcalifornia-times-brightspot.s3.amazonaws.com%2F4b%2F86%2F30c524da44529e9acca574c67c5b%2F1263041-me-weather-feature-4-ajs.jpg,N_OK
https://ca-times.brightspotcdn.com/dims4/default/802d3bc/2147483647/strip/true/crop/3000x2000+0+0/resize/840x560!/quality/80/?url=https%3A%2F%2Fcalifornia-times-brightspot.s3.amazonaws.com%2F11%2Fd3%2Fce82ff8a4763aee19146d25d227a%2Fig-drip-index-march-2023-hero.jpg,N_OK
https://www.latimes.com/lifestyle/story/2023-02-13/la-affairs-making-big-moves-for-love,OK
https://www.latimes.com/seniorresources,OK
https://ca-times.brightspotcdn.com/dims4/default/a973259/2147483647/strip/true/crop/2544x1696+0+0/resize/840x560!/quality/80/?url=https%3A%2F%2Fcalifornia-times-brightspot.s3.amazonaws.com%2Fc6%2F51%2F043c70374a1ca5fc5f683713eab0%2Fap23052512781448.jpg,N_OK
https://www.latimes.com/california/story/2023-03-06/newsom-says-california-cut-business-ties-with-walgreens-over-abortion-pill-access,OK
https://www.latimes.com/entertainment-arts/tv/story/2023-03-06/sara-lane-death-virginian-elizabeth-grainger-breast-cancer,OK
https://68547f8f-2fd8-4ff3-9b63-51e86e2edee8.edge.permutive.app/68547f8f-2fd8-4ff3-9b63-51e86e2edee8-web.js,N_OK
https://store.latimes.com/?utm_source=latimes&utm_medium=homepage&utm_campaign=homepage_subnav,N_OK
https://www.latimes.com/world-nation/story/2023-03-06/a-month-after-quake-survivors-need-shelter-sanitation,OK
https://www.latimes.com/world-nation/story/2023-03-06/florida-bill-would-force-bloggers-to-register-with-state,OK
https://www.latimes.com/espanol/,OK
https://micro.rubiconproject.com/,N_OK
https://www.facebook.com/latimes,N_OK
https://www.latimes.com/brandpublishing/bestofthebest2022,OK
https://enewspaper.latimes.com/desktop/latimes/default.aspx?pubid=50435180-e58e-48b5-8e0c-236bf740270e,N_OK
https://membership.latimes.com/billing-info,N_OK
https://www.latimes.com/food,OK
https://www.latimes.com/world-nation/story/2023-03-06/kim-jong-uns-sister-warns-north-korea-ready-to-act-against-the-u-s-and-south-korea,OK
https://securepubads.g.doubleclick.net/,N_OK
https://www.latimes.com/about/studios,OK
https://www.latimes.com/b2b/business-visionaries,OK
https://www.latimes.com/about/pressreleases,OK
https://www.latimes.com/newsroom-directory,OK
https://www.latimes.com/about/shortdocs,OK
https://marketplace.latimes.com/places/types:23,N_OK
https://libs.platform.californiatimes.com/newsletter-campaign-manager/latest.js,N_OK
https://www.latimes.com/newsletters/sign-up-for-unshaken-and-get-earthquake-ready-in-six-weeks,OK
https://ca-times.brightspotcdn.com/resource/0000016e-6bb5-d505-abef-fbb7e4420000/styleguide/styles-creative.min.48a8de8cefe93169969e8f88317596a2.gz.css,N_OK
https://www.latimes.com/world-nation/story/2023-03-06/south-african-leader-grapples-with-ever-worsening-power-cuts,OK
https://ca-times.brightspotcdn.com/dims4/default/9e2cd1f/2147483647/strip/true/crop/4953x3302+0+50/resize/840x560!/quality/80/?url=https%3A%2F%2Fcalifornia-times-brightspot.s3.amazonaws.com%2F91%2F4c%2Fdd208a39d0dcf9e45b07b2bd4882%2F9a4088fd996f4b089587a4c2c15a8955,N_OK
https://ats.rlcdn.com/,N_OK
https://ping.chartbeat.net/,N_OK
https://enewspaper.latimes.com/,N_OK
https://ca-times.brightspotcdn.com/dims4/default/1800ccf/2147483647/strip/true/crop/4500x3000+0+0/resize/1200x800!/quality/80/?url=https%3A%2F%2Fcalifornia-times-brightspot.s3.amazonaws.com%2F29%2Feb%2F68d245ce3c0f741005f99695ca76%2F93828da55f9340188a9bce2a40ed8c1e,N_OK
https://www.latimes.com/world-nation/story/2023-03-06/uk-aims-to-deport-channel-migrants-but-critics-skeptical,OK
https://ads.pubmatic.com/,N_OK
https://mediakit.latimes.com/,N_OK
https://www.latimes.com/california/story/2023-03-06/a-big-chunk-of-palos-verdes-peninsula-is-sliding-into-the-sea-can-the-city-stop-it,OK
https://www.latimes.com/california/story/2023-03-02/hidden-illegal-casinos-los-angeles-organized-crime,OK
https://ajax.googleapis.com/ajax/libs/jquery/3.6.0/jquery.min.js,N_OK
https://www.latimes.com/flyoutsubscribe,OK
https://micro.rubiconproject.com/prebid/dynamic/20520.js,N_OK
https://www.latimes.com/about/how-to-obtain-rights-permissions,OK
https://membership.latimes.com/,N_OK
https://cdn.confiant-integrations.net/GfBGK_P3Adzw1hvTTkQjebew6Z4/gpt_and_prebid/config.js,N_OK
https://www.latimes.com/video,OK
https://libs.platform.californiatimes.com/meteringjs/latspot.js,N_OK
https://www.latimes.com/favicon-16x16.png,OK
https://www.latimes.com/sports,OK
https://www.latimes.com/footersubscribe,OK
https://www.instagram.com/latimes/,N_OK
https://tpc.googlesyndication.com/,N_OK
https://www.latimes.com/b2bpublishing,OK
https://c.amazon-adsystem.com/,N_OK
https://www.latimes.com/topic/unshaken,OK
https://jobs.latimes.com/,N_OK
https://www.latimes.com/favicon-32x32.png,OK
https://www.latimes.com/entertainment-arts,OK
https://classifieds.latimes.com/,N_OK
https://www.latimes.com/games,OK
https://www.google-analytics.com/,N_OK
https://www.latimes.com/brandpublishing/hotproperty,OK
https://www.latimes.com/food/story/2021-06-12/how-4-premade-earthquake-kits-compare-supplies-price,OK
https://www.latimes.com/politics,OK
https://rp.liadm.com/,N_OK
https://placeanad.latimes.com/open-house,N_OK
https://libs.platform.californiatimes.com/,N_OK
https://membership.latimes.com/subscription-info,N_OK
https://ca-times.brightspotcdn.com/resource/0000016e-6bb5-d505-abef-fbb7e4420000/styleguide/Core.min.ba7e64c285267fa3ac957a7a676836d0.gz.js,N_OK
https://www.latimes.com/world-nation/story/2023-03-06/street-near-miami-named-for-justice-ketanji-brown-jackson,OK
https://store.latimes.com/?utm_source=latimes&utm_medium=homepage&utm_campaign=homepage_nav,N_OK
https://www.googletagservices.com/,N_OK
https://www.latimes.com/tips/,OK
https://sli.latimes.com/,N_OK
https://marketplace.latimes.com/places/categories:43,N_OK
https://www.latimes.com/sitemap,OK
https://www.latimes.com/science/story/2023-03-06/book-of-animal-secrets-by-david-agus-usc-is-rife-with-plagiarism,OK
https://twitter.com/latimes,N_OK
https://www.latimes.com/world-nation/story/2023-03-06/israeli-lawmakers-advance-bill-on-270-000-gift-to-netanyahu,OK
https://api.permutive.com/,N_OK
https://placeanad.latimes.com/,N_OK
https://ssor.platform.californiatimes.com/reg/tribune/latspot.min.js,N_OK
https://www.latimes.com/about/marketing/los-angeles-times-for-students-and-educators,OK
https://www.latimes.com/homeless-housing,OK
https://play.google.com/store/apps/details?id=com.apptivateme.next.la&hl=en_US,N_OK
https://www.latimes.com/topic/earthquakes,OK
https://nantmedia.wd5.myworkdayjobs.com/LATimesCareers,N_OK
https://www.latimes.com/about/public-affairs,OK
https://www.latimes.com/food/list/best-los-angeles-coffee-shops-and-cafes-for-amazing-brews,OK
https://www.latimes.com/,OK
https://www.latimes.com/world-nation/story/2023-02-09/mass-burials-in-turkey-in-the-wake-of-the-earthquake,OK
https://apps.apple.com/us/app/la-times/id373238146,N_OK
https://www.latimes.com/california,OK
https://www.latimes.com/bestcovery/?utm_source=on_site&utm_medium=navigation_bar&utm_campaign=bestcovery,OK
https://www.latimes.com/bestcovery/?utm_source=on_site&utm_medium=footer&utm_campaign=bestcovery,OK
https://activate.platform.californiatimes.com/caltimes/latimes/Bootstrap.js,N_OK
https://securepubads.g.doubleclick.net/tag/js/gpt.js,N_OK
https://www.latimes.com/food/recipes,OK
https://www.latimes.com/events-los-angeles-times,OK
https://www.latimes.com/lifestyle,OK
https://membership.latimes.com/newsletters/?_ga=2.251099398.1896328230.1613286933-114874840.1613286932,N_OK
https://www.latimes.com/gift-subscription-terms,OK
https://ssor.platform.californiatimes.com/,N_OK
https://www.latimes.com/obituaries,OK
https://www.latimes.com/california/story/2021-06-12/earthquake-preparedness-tips-lucy-jones,OK
https://www.latimes.com/about/for-the-record/,OK
https://www.latimes.com/lifestyle/image,OK
https://www.latimeswine.com/club,N_OK
https://www.latimes.com/privacy-policy,OK
https://www.latimes.com/travel/list/best-ceilings-los-angeles,OK
https://www.latimes.com/terms-of-service,OK
https://www.latimes.com/giving,OK
https://libs.platform.californiatimes.com/modalityjs/latest.js,N_OK
https://www.latimes.com/environment,OK
https://marketplace.latimes.com/,N_OK
https://adservice.google.com/,N_OK
https://www.latimes.com/world-nation/story/2023-03-06/cartoonists-criticize-dilbert-creator-over-racist-remarks,OK
https://hbopenbid.pubmatic.com/,N_OK
https://www.latimes.com/vegasguide,OK
https://www.latimes.com/world-nation/story/2023-03-06/many-kids-are-struggling-in-school-do-their-parents-know,OK
https://www.latimes.com/topic/for-la-times-subscribers,OK
https://www.latimes.com/science,OK
https://www.latimes.com/business,OK
https://www.latimes.com/california/photography,OK
https://static.chartbeat.com/,N_OK
https://activate.latimes.com/,N_OK
https://ca-times.brightspotcdn.com/dims4/default/0d55b28/2147483647/strip/true/crop/2763x1842+17+0/resize/840x560!/quality/80/?url=https%3A%2F%2Fcalifornia-times-brightspot.s3.amazonaws.com%2F70%2F4d%2Fea4c28ad30ada6d0c19b2c93e2d9%2Fdb442009a66e4b70b2ef6864d5f90bd1,N_OK
https://ajax.googleapis.com/,N_OK
https://www.latimes.com/games/daily-crossword,OK
https://www.latimes.com/entertainment-arts/story/2023-03-05/for-real-drew-barrymore-talk-show,OK
https://www.linkedin.com/shareArticle?url=https%3A%2F%2Fwww.latimes.com%2Fworld-nation%2Fstory%2F2023-03-06%2Fa-month-after-quake-survivors-need-shelter-sanitation&mini=true&title=A%20month%20after%20quake%2C%20survivors%20in%20Turkey%20and%20Syria%20need%20shelter%2C%20sanitation&summary=A%20month%20after%20devastating%20quake%2C%20hundreds%20of%20thousands%20of%20people%20in%20Turkey%20and%20Syria%20still%20have%20%27extensive%20humanitarian%20needs%2C%27%20U.N.%20official%20says.&source=Los%20Angeles%20Times,N_OK
https://www.facebook.com/dialog/share?app_id=134435029966155&display=popup&href=https%3A%2F%2Fwww.latimes.com%2Fworld-nation%2Fstory%2F2023-03-06%2Fa-month-after-quake-survivors-need-shelter-sanitation,N_OK
https://ca-times.brightspotcdn.com/dims4/default/a412663/2147483647/strip/true/crop/4334x2889+114+0/resize/840x560!/quality/80/?url=https%3A%2F%2Fcalifornia-times-brightspot.s3.amazonaws.com%2Fe7%2F56%2Fffec11147d148e42472b0c8ad5f2%2F87bb9a3145f04456b6174731464cc39d,N_OK
https://store.latimes.com/,N_OK
https://ca-times.brightspotcdn.com/dims4/default/405e207/2147483647/strip/true/crop/3500x2333+0+0/resize/840x560!/quality/80/?url=https%3A%2F%2Fcalifornia-times-brightspot.s3.amazonaws.com%2F66%2F93%2F797bb092441db93114780ac21540%2F2023-02-09-turkey-earthquake-0518.jpg,N_OK
https://edge.platform.latimes.com/,N_OK
https://www.latimes.com/world-nation,OK
https://www.latimes.com/coupon-codes,OK
https://ca-times.brightspotcdn.com/dims4/default/1c19e21/2147483647/strip/true/crop/3500x2333+0+0/resize/840x560!/quality/80/?url=https%3A%2F%2Fcalifornia-times-brightspot.s3.amazonaws.com%2Ff3%2F7c%2Fb4c3f9fc4c0991f9fa8050849648%2F2023-02-11-turkey-earthquake-0028.jpg,N_OK
https://www.latimes.com/world-nation/story/2023-03-06/russia-gives-fertilizer-to-malawi-seeks-african-support,OK
https://www.latimes.com/about,OK
https://www.latimes.com/world-nation/story/2023-02-15/anger-toward-syrian-refugees-grows-after-turkey-earthquake,OK
https://www.latimes.com/compare-deals,OK
https://www.youtube.com/losangelestimes,N_OK
https://www.latimes.com/podcasts,OK
https://ca-times.brightspotcdn.com/dims4/default/9606a61/2147483647/strip/true/crop/5665x3777+0+0/resize/840x560!/quality/80/?url=https%3A%2F%2Fcalifornia-times-brightspot.s3.amazonaws.com%2F00%2Ff2%2F1d53cad83759dda2aa4d4b17ea3e%2Ffcf962c9db3f48ffb314a46cbc7ec0ee,N_OK
https://prebid-a.rubiconproject.com/,N_OK
https://www.latimes.com/apple-touch-icon.png,OK
https://www.latimes.com/subscriber-terms-and-conditions,OK
https://ca-times.brightspotcdn.com/,N_OK
https://fastlane.rubiconproject.com/,N_OK
https://secure.cdn.fastclick.net/,N_OK
https://www.latimes.com/specialsupplements,OK
https://activate.platform.californiatimes.com/,N_OK
https://bidder.criteo.com/,N_OK
https://twitter.com/intent/tweet?url=https%3A%2F%2Fwww.latimes.com%2Fworld-nation%2Fstory%2F2023-03-06%2Fa-month-after-quake-survivors-need-shelter-sanitation&text=A%20month%20after%20quake%2C%20survivors%20in%20Turkey%20and%20Syria%20need%20shelter%2C%20sanitation,N_OK
https://www.latimes.com/opinion,OK
https://www.latimes.com/archives,OK
https://cdn.confiant-integrations.net/,N_OK
https://www.latimes.com/travel,OK
https://ca-times.brightspotcdn.com/a6/d6/eea0f1094fb281dbea09e0aa79cd/art-caltimes-trademark-3x.png,N_OK
https://membership.latimes.com/privacy-settings,N_OK
https://www.latimes.com/seniorresources,OK
https://peopleonthemove.latimes.com/,N_OK
https://www.latimes.com/bestcovery/?utm_source=on_site&utm_medium=flyout&utm_campaign=bestcovery,OK
https://68547f8f-2fd8-4ff3-9b63-51e86e2edee8.edge.permutive.app/68547f8f-2fd8-4ff3-9b63-51e86e2edee8-web.js,N_OK
https://store.latimes.com/?utm_source=latimes&utm_medium=homepage&utm_campaign=homepage_subnav,N_OK
https://www.latimes.com/lifestyle/story/2023-02-28/usal-project-outdoor-research-center-nature-club-los-angeles,OK
https://ca-times.brightspotcdn.com/dims4/default/4993176/2147483647/strip/true/crop/7883x5255+0+0/resize/2000x1333!/quality/80/?url=https%3A%2F%2Fcalifornia-times-brightspot.s3.amazonaws.com%2Fee%2F7e%2Ffe8e7d694dc483af5fd55a098fdd%2Fwk-usal-michael-washington-handout-05.jpg,N_OK
https://www.latimes.com/espanol/,OK
https://micro.rubiconproject.com/,N_OK
https://www.latimes.com/lifestyle/story/2023-02-01/how-to-grow-mushrooms-at-home,OK
https://www.facebook.com/latimes,N_OK
https://www.latimes.com/brandpublishing/bestofthebest2022,OK
https://ca-times.brightspotcdn.com/dims4/default/5b5af9a/2147483647/strip/true/crop/1450x967+0+0/resize/840x560!/quality/80/?url=https%3A%2F%2Fcalifornia-times-brightspot.s3.amazonaws.com%2F4b%2F88%2Ff148c84e4bdb96e3c88e2a1b2598%2Fig-fred-moten-poem-thumbnail.jpg,N_OK
https://enewspaper.latimes.com/desktop/latimes/default.aspx?pubid=50435180-e58e-48b5-8e0c-236bf740270e,N_OK
https://ca-times.brightspotcdn.com/dims4/default/72f936f/2147483647/strip/true/crop/3341x2227+0+0/resize/2000x1333!/quality/80/?url=https%3A%2F%2Fcalifornia-times-brightspot.s3.amazonaws.com%2Fc3%2Fef%2F8c73a416485c8cf6fe65aeb39eab%2F1248815-wk-0218-michael-washington-usal-049-ik.jpg,N_OK
https://ca-times.brightspotcdn.com/dims4/default/7c63caf/2147483647/strip/true/crop/5583x3722+0+76/resize/840x560!/quality/80/?url=https%3A%2F%2Fcalifornia-times-brightspot.s3.amazonaws.com%2F38%2F48%2F7fad5e744a498e523c69220dcae4%2F1209894-wk-girls-who-walk-05-fo.jpg,N_OK
https://membership.latimes.com/billing-info,N_OK
https://www.latimes.com/food,OK
https://securepubads.g.doubleclick.net/,N_OK
https://www.latimes.com/about/studios,OK
https://www.latimes.com/b2b/business-visionaries,OK
https://www.latimes.com/about/pressreleases,OK
https://www.latimes.com/newsroom-directory,OK
https://www.latimes.com/about/shortdocs,OK
https://marketplace.latimes.com/places/types:23,N_OK
https://libs.platform.californiatimes.com/newsletter-campaign-manager/latest.js,N_OK
https://ca-times.brightspotcdn.com/resource/0000016e-6bb5-d505-abef-fbb7e4420000/styleguide/styles-creative.min.48a8de8cefe93169969e8f88317596a2.gz.css,N_OK
https://ats.rlcdn.com/,N_OK
https://ping.chartbeat.net/,N_OK
https://enewspaper.latimes.com/,N_OK
https://ads.pubmatic.com/,N_OK
https://mediakit.latimes.com/,N_OK
https://ca-times.brightspotcdn.com/dims4/default/7fc4ebe/2147483647/strip/true/crop/3231x2154+0+146/resize/840x560!/quality/80/?url=https%3A%2F%2Fcalifornia-times-brightspot.s3.amazonaws.com%2F0a%2Fc2%2F9ac2ff134505afb6568edeb3d7da%2Flat-pirate.jpg,N_OK
https://www.latimes.com/lifestyle/story/2023-01-10/la-girls-who-walk,OK
https://ajax.googleapis.com/ajax/libs/jquery/3.6.0/jquery.min.js,N_OK
https://ca-times.brightspotcdn.com/dims4/default/edeeb7e/2147483647/strip/true/crop/3278x2185+0+0/resize/2000x1333!/quality/80/?url=https%3A%2F%2Fcalifornia-times-brightspot.s3.amazonaws.com%2Fde%2F4a%2F634a256b4361868ccedf4dcc566a%2F1248815-wk-0218-michael-washington-usal-006-ik.jpg,N_OK
https://www.latimes.com/flyoutsubscribe,OK
https://micro.rubiconproject.com/prebid/dynamic/20520.js,N_OK
https://www.latimes.com/about/how-to-obtain-rights-permissions,OK
https://ca-times.brightspotcdn.com/dims4/default/a880e31/2147483647/strip/true/crop/1620x1080+150+0/resize/840x560!/quality/80/?url=https%3A%2F%2Fcalifornia-times-brightspot.s3.amazonaws.com%2Fee%2F43%2F69c2dcc648b29e310dc1064dace1%2Fla-affairs-hoda-mallone-0000000.jpg,N_OK
https://membership.latimes.com/,N_OK
https://cdn.confiant-integrations.net/GfBGK_P3Adzw1hvTTkQjebew6Z4/gpt_and_prebid/config.js,N_OK
https://www.latimes.com/video,OK
https://ca-times.brightspotcdn.com/dims4/default/b315231/2147483647/strip/true/crop/3327x2218+0+0/resize/2000x1333!/quality/80/?url=https%3A%2F%2Fcalifornia-times-brightspot.s3.amazonaws.com%2F49%2F18%2F3bc3527146ccb66bba43085855a9%2F1248815-wk-0218-michael-washington-usal-041-ik.jpg,N_OK
https://libs.platform.californiatimes.com/meteringjs/latspot.js,N_OK
https://www.latimes.com/favicon-16x16.png,OK
https://www.latimes.com/sports,OK
https://www.latimes.com/entertainment-arts/list/things-to-do-la-map-movies-music-art-theater-dance-comedy-museums,OK
https://www.latimes.com/footersubscribe,OK
https://www.instagram.com/latimes/,N_OK
https://tpc.googlesyndication.com/,N_OK
https://www.latimes.com/b2bpublishing,OK
https://c.amazon-adsystem.com/,N_OK
https://jobs.latimes.com/,N_OK
https://www.latimes.com/favicon-32x32.png,OK
https://www.latimes.com/entertainment-arts,OK
https://classifieds.latimes.com/,N_OK
https://ca-times.brightspotcdn.com/dims4/default/8249fbb/2147483647/strip/true/crop/3600x2400+0+0/resize/2000x1333!/quality/80/?url=https%3A%2F%2Fcalifornia-times-brightspot.s3.amazonaws.com%2F09%2F53%2F4c1e68564f6489f0b62e1fdbcf86%2F1248815-wk-0218-michael-washington-usal-004-ik.jpg,N_OK
https://www.latimes.com/games,OK
https://www.google-analytics.com/,N_OK
https://www.latimes.com/brandpublishing/hotproperty,OK
https://www.latimes.com/politics,OK
https://www.latimes.com/lifestyle/image/story/2023-03-02/fred-moten-poem,OK
https://rp.liadm.com/,N_OK
https://placeanad.latimes.com/open-house,N_OK
https://libs.platform.californiatimes.com/,N_OK
https://membership.latimes.com/subscription-info,N_OK
https://ca-times.brightspotcdn.com/resource/0000016e-6bb5-d505-abef-fbb7e4420000/styleguide/Core.min.ba7e64c285267fa3ac957a7a676836d0.gz.js,N_OK
https://store.latimes.com/?utm_source=latimes&utm_medium=homepage&utm_campaign=homepage_nav,N_OK
https://www.googletagservices.com/,N_OK
https://www.latimes.com/tips/,OK
https://ca-times.brightspotcdn.com/dims4/default/50b06c9/2147483647/strip/true/crop/4429x2953+0+0/resize/840x560!/quality/80/?url=https%3A%2F%2Fcalifornia-times-brightspot.s3.amazonaws.com%2F61%2F85%2Fe51bad7648bc908c2da5ad515d48%2F1155357-wk-secret-staircase-swan-stairs-mjc-015.JPG,N_OK
https://sli.latimes.com/,N_OK
https://ca-times.brightspotcdn.com/dims4/default/26821a9/2147483647/strip/true/crop/1072x1072+0+0/resize/100x100!/quality/80/?url=https%3A%2F%2Fcalifornia-times-brightspot.s3.amazonaws.com%2F64%2F59%2F7364d4204c07986afbe91526f2fd%2Fheadshot-lina.png,N_OK
https://ca-times.brightspotcdn.com/dims4/default/fe05d15/2147483647/strip/true/crop/1800x1200+0+0/resize/840x560!/quality/80/?url=https%3A%2F%2Fcalifornia-times-brightspot.s3.amazonaws.com%2F9a%2F8a%2Fece286624577a5e14a5775cfd9b2%2Ftr-spectacular-ceilings.gif,N_OK
https://marketplace.latimes.com/places/categories:43,N_OK
https://www.latimes.com/topic/things-to-do,OK
https://www.latimes.com/sitemap,OK
https://twitter.com/latimes,N_OK
https://api.permutive.com/,N_OK
https://placeanad.latimes.com/,N_OK
https://ssor.platform.californiatimes.com/reg/tribune/latspot.min.js,N_OK
https://www.latimes.com/about/marketing/los-angeles-times-for-students-and-educators,OK
https://www.latimes.com/homeless-housing,OK
https://play.google.com/store/apps/details?id=com.apptivateme.next.la&hl=en_US,N_OK
https://www.latimes.com/topic/wellness,OK
https://nantmedia.wd5.myworkdayjobs.com/LATimesCareers,N_OK
https://twitter.com/intent/tweet?url=https%3A%2F%2Fwww.latimes.com%2Flifestyle%2Fstory%2F2023-02-28%2Fusal-project-outdoor-research-center-nature-club-los-angeles&text=Nature-curious%3F%20This%20%27cool%20kids%27%20outdoors%20club%20will%20introduce%20you%20to%20L.A.%E2%80%99s%20best%20asset,N_OK
https://www.latimes.com/about/public-affairs,OK
https://www.latimes.com/,OK
https://www.latimes.com/lifestyle/weekend,OK
https://apps.apple.com/us/app/la-times/id373238146,N_OK
https://www.latimes.com/california,OK
https://ca-times.brightspotcdn.com/dims4/default/03e25eb/2147483647/strip/true/crop/3398x2265+0+0/resize/2000x1333!/quality/80/?url=https%3A%2F%2Fcalifornia-times-brightspot.s3.amazonaws.com%2Fb4%2F88%2F6eff63054cce9dc3dd10265d84be%2F1248815-wk-0218-michael-washington-usal-018-ik.jpg,N_OK
https://www.latimes.com/bestcovery/?utm_source=on_site&utm_medium=navigation_bar&utm_campaign=bestcovery,OK
https://ca-times.brightspotcdn.com/dims4/default/e4a8867/2147483647/strip/true/crop/8169x5449+0+0/resize/2000x1334!/quality/80/?url=https%3A%2F%2Fcalifornia-times-brightspot.s3.amazonaws.com%2F42%2Fa1%2Fa1033fed4e7ca47fd3a2fe0834ae%2Fwk-usal-michael-washington-handout-03.jpg,N_OK
https://www.latimes.com/bestcovery/?utm_source=on_site&utm_medium=footer&utm_campaign=bestcovery,OK
https://activate.platform.californiatimes.com/caltimes/latimes/Bootstrap.js,N_OK
https://securepubads.g.doubleclick.net/tag/js/gpt.js,N_OK
https://www.latimes.com/food/recipes,OK
https://www.latimes.com/events-los-angeles-times,OK
https://ca-times.brightspotcdn.com/dims4/default/423c88d/2147483647/strip/true/crop/2500x1667+0+42/resize/840x560!/quality/80/?url=https%3A%2F%2Fcalifornia-times-brightspot.s3.amazonaws.com%2F6e%2F0e%2F4ab8086940e0ae5c6c17031c1d4e%2Fhike-la-times-4.jpg,N_OK
https://ca-times.brightspotcdn.com/dims4/default/df8d751/2147483647/strip/true/crop/7998x5332+0+334/resize/840x560!/quality/80/?url=https%3A%2F%2Fcalifornia-times-brightspot.s3.amazonaws.com%2F9a%2F1f%2F4325a2c142f589f6a7a07a17d01e%2F1238548-wk-grow-mushrooms-final-7.jpg,N_OK
https://www.latimes.com/lifestyle,OK
https://membership.latimes.com/newsletters/?_ga=2.251099398.1896328230.1613286933-114874840.1613286932,N_OK
https://www.latimes.com/gift-subscription-terms,OK
https://www.latimes.com/lifestyle/story/2023-03-03/la-affairs-i-got-divorced-married-men-react,OK
https://ssor.platform.californiatimes.com/,N_OK
https://www.latimes.com/obituaries,OK
https://www.latimes.com/about/for-the-record/,OK
https://www.facebook.com/dialog/share?app_id=134435029966155&display=popup&href=https%3A%2F%2Fwww.latimes.com%2Flifestyle%2Fstory%2F2023-02-28%2Fusal-project-outdoor-research-center-nature-club-los-angeles,N_OK
https://www.latimes.com/lifestyle/image,OK
https://www.latimeswine.com/club,N_OK
https://www.latimes.com/privacy-policy,OK
https://www.latimes.com/lifestyle/list/los-angeles-staircases-best-for-workouts,OK
https://www.latimes.com/travel/list/best-ceilings-los-angeles,OK
https://www.latimes.com/terms-of-service,OK
https://www.latimes.com/giving,OK
https://libs.platform.californiatimes.com/modalityjs/latest.js,N_OK
https://www.latimes.com/environment,OK
https://marketplace.latimes.com/,N_OK
https://adservice.google.com/,N_OK
https://hbopenbid.pubmatic.com/,N_OK
https://www.latimes.com/vegasguide,OK
https://www.latimes.com/topic/for-la-times-subscribers,OK
https://www.latimes.com/science,OK
https://www.latimes.com/travel/story/2021-03-13/bipoc-hiking-groups-southern-california,OK
https://www.latimes.com/business,OK
https://www.latimes.com/california/photography,OK
https://static.chartbeat.com/,N_OK
https://activate.latimes.com/,N_OK
https://ajax.googleapis.com/,N_OK
https://www.latimes.com/games/daily-crossword,OK
https://ca-times.brightspotcdn.com/dims4/default/a0966c5/2147483647/strip/true/crop/1520x2281+0+0/resize/2000x3001!/quality/80/?url=https%3A%2F%2Fcalifornia-times-brightspot.s3.amazonaws.com%2F4a%2F14%2F80646a3846169d6f543add395fee%2F1248815-wk-0218-michael-washington-usal-023-ik.jpg,N_OK
https://store.latimes.com/,N_OK
https://edge.platform.latimes.com/,N_OK
https://www.latimes.com/world-nation,OK
https://www.latimes.com/coupon-codes,OK
https://www.latimes.com/about,OK
https://www.latimes.com/compare-deals,OK
https://www.youtube.com/losangelestimes,N_OK
https://www.latimes.com/podcasts,OK
https://prebid-a.rubiconproject.com/,N_OK
https://www.latimes.com/apple-touch-icon.png,OK
https://www.latimes.com/subscriber-terms-and-conditions,OK
https://ca-times.brightspotcdn.com/,N_OK
https://fastlane.rubiconproject.com/,N_OK
https://www.latimes.com/lifestyle/story/2023-03-03/pirate-season-coping-strategy,OK
https://secure.cdn.fastclick.net/,N_OK
https://www.latimes.com/specialsupplements,OK
https://activate.platform.californiatimes.com/,N_OK
https://bidder.criteo.com/,N_OK
https://www.latimes.com/opinion,OK
https://www.latimes.com/archives,OK
https://ca-times.brightspotcdn.com/dims4/default/88fa2ce/2147483647/strip/true/crop/3600x2400+0+0/resize/2000x1333!/quality/80/?url=https%3A%2F%2Fcalifornia-times-brightspot.s3.amazonaws.com%2Ff7%2Fea%2F8f56230b483b9c99248d80f15458%2F1248815-wk-0218-michael-washington-usal-028-ik.jpg,N_OK
https://ca-times.brightspotcdn.com/dims4/default/0086aeb/2147483647/strip/true/crop/3471x2313+0+0/resize/2000x1333!/quality/80/?url=https%3A%2F%2Fcalifornia-times-brightspot.s3.amazonaws.com%2F2c%2F9a%2Fe63ec5344672b86750b9c2f28988%2F1248815-wk-0218-michael-washington-usal-020-ik.jpg,N_OK
https://cdn.confiant-integrations.net/,N_OK
https://www.latimes.com/travel,OK
https://ca-times.brightspotcdn.com/a6/d6/eea0f1094fb281dbea09e0aa79cd/art-caltimes-trademark-3x.png,N_OK
https://membership.latimes.com/privacy-settings,N_OK
https://ca-times.brightspotcdn.com/dims4/default/f85c76b/2147483647/strip/true/crop/3600x2400+0+0/resize/2000x1333!/quality/80/?url=https%3A%2F%2Fcalifornia-times-brightspot.s3.amazonaws.com%2F5b%2F3e%2Ff5693da440bc97667ff1f3b5bf6e%2F1248815-wk-0218-michael-washington-usal-050-ik.jpg,N_OK
https://www.latimes.com/seniorresources,OK
https://peopleonthemove.latimes.com/,N_OK
https://www.latimes.com/newsletters/sign-up-for-our-l-a-goes-out-newsletter,OK
https://www.linkedin.com/shareArticle?url=https%3A%2F%2Fwww.latimes.com%2Flifestyle%2Fstory%2F2023-02-28%2Fusal-project-outdoor-research-center-nature-club-los-angeles&mini=true&title=Nature-curious%3F%20This%20%27cool%20kids%27%20outdoors%20club%20will%20introduce%20you%20to%20L.A.%E2%80%99s%20best%20asset&summary=After%20feeling%20unfulfilled%20as%20a%20music%20talent%20manager%2C%20Michael%20Washington%20immersed%20himself%20in%20the%20outdoors%20and%20launched%20USAL%20Project%2C%20which%20has%20become%20a%20cool%20kids%20nature%20club.&source=Los%20Angeles%20Times,N_OK
https://www.latimes.com/bestcovery/?utm_source=on_site&utm_medium=flyout&utm_campaign=bestcovery,OK
https://68547f8f-2fd8-4ff3-9b63-51e86e2edee8.edge.permutive.app/68547f8f-2fd8-4ff3-9b63-51e86e2edee8-web.js,N_OK
https://store.latimes.com/?utm_source=latimes&utm_medium=homepage&utm_campaign=homepage_subnav,N_OK
